INSERT INTO `sys_area` (`id`, `parent_id`, `parent_ids`, `code`, `name`, `type`, `create_by`, `create_date`, `update_by`, `update_date`, `remarks`, `del_flag`)
VALUES
	('1', '0', '0,', '100000', '中国', '1', '1', '2013-05-27 00:00:00', '1', '2013-05-27 00:00:00', '', '0'),
	('2', '1', '0,1,', '410000', '辽宁省', '2', '1', '2013-05-27 00:00:00', '1', '2013-05-27 00:00:00', '', '0'),
	('3', '2', '0,1,2,', '410411', '大连市', '3', '1', '2013-05-27 00:00:00', '1', '2013-05-27 00:00:00', '', '0'),
	('4d22ee5105e746d7869ba798a052c97c', '5991b7a880d9490ba4cdb4432479ea93', '0,1,5991b7a880d9490ba4cdb4432479ea93,', '320001', '长春市', '3', '1', '2014-11-05 22:19:00', '1', '2014-11-05 22:19:00', '', '0'),
	('5991b7a880d9490ba4cdb4432479ea93', '1', '0,1,', '320000', '吉林省', '2', '1', '2014-11-05 22:18:39', '1', '2014-11-05 22:18:39', '', '0'),
	('6c1756ed74d94a00b0e814989eef1fd2', '1', '0,1,', '380000', '黑龙江省', '2', '1', '2014-11-05 22:17:56', '1', '2014-11-05 22:17:56', '', '0'),
	('6f37ede0892947888378378427eb688a', '6c1756ed74d94a00b0e814989eef1fd2', '0,1,6c1756ed74d94a00b0e814989eef1fd2,', '380001', '哈尔滨市', '3', '1', '2014-11-05 22:18:23', '1', '2014-11-05 22:18:23', '', '0');

	
INSERT INTO `sys_dict` (`id`, `label`, `value`, `type`, `description`, `sort`, `create_by`, `create_date`, `update_by`, `update_date`, `remarks`, `del_flag`)
VALUES
	('1', '正常', '0', 'del_flag', '删除标记', 10, '1', '2013-05-27 00:00:00', '1', '2013-05-27 00:00:00', '', '0'),
	('12', '默认主题', 'default', 'theme', '主题方案', 10, '1', '2013-05-27 00:00:00', '1', '2013-05-27 00:00:00', '', '0'),
	('17', '国家', '1', 'sys_area_type', '区域类型', 10, '1', '2013-05-27 00:00:00', '1', '2013-05-27 00:00:00', '', '0'),
	('18', '省份、直辖市', '2', 'sys_area_type', '区域类型', 20, '1', '2013-05-27 00:00:00', '1', '2013-05-27 00:00:00', '', '0'),
	('19', '地市', '3', 'sys_area_type', '区域类型', 30, '1', '2013-05-27 00:00:00', '1', '2013-05-27 00:00:00', '', '0'),
	('2', '删除', '1', 'del_flag', '删除标记', 20, '1', '2013-05-27 00:00:00', '1', '2013-05-27 00:00:00', '', '0'),
	('20', '区县', '4', 'sys_area_type', '区域类型', 40, '1', '2013-05-27 00:00:00', '1', '2013-05-27 00:00:00', '', '0'),
	('21', '公司', '1', 'sys_office_type', '机构类型', 60, '1', '2013-05-27 00:00:00', '1', '2013-05-27 00:00:00', '', '0'),
	('22', '部门', '2', 'sys_office_type', '机构类型', 70, '1', '2013-05-27 00:00:00', '1', '2013-05-27 00:00:00', '', '0'),
	('23', '高校', '3', 'sys_office_type', '机构类型', 80, '1', '2013-05-27 00:00:00', '1', '2013-05-27 00:00:00', '', '0'),
	('24', '高校实验室', '4', 'sys_office_type', '机构类型', 90, '1', '2013-05-27 00:00:00', '1', '2013-05-27 00:00:00', '', '0'),
	('25', '一级', '1', 'sys_office_grade', '机构等级', 10, '1', '2013-05-27 00:00:00', '1', '2013-05-27 00:00:00', '', '0'),
	('26', '二级', '2', 'sys_office_grade', '机构等级', 20, '1', '2013-05-27 00:00:00', '1', '2013-05-27 00:00:00', '', '0'),
	('27', '所有数据', '1', 'sys_data_scope', '数据范围', 10, '1', '2013-05-27 00:00:00', '1', '2013-05-27 00:00:00', '', '0'),
	('28', '所在公司及以下数据', '2', 'sys_data_scope', '数据范围', 20, '1', '2013-05-27 00:00:00', '1', '2013-05-27 00:00:00', '', '0'),
	('29', '所在公司数据', '3', 'sys_data_scope', '数据范围', 30, '1', '2013-05-27 00:00:00', '1', '2013-05-27 00:00:00', '', '0'),
	('3', '显示', '1', 'show_hide', '显示/隐藏', 10, '1', '2013-05-27 00:00:00', '1', '2013-05-27 00:00:00', '', '0'),
	('30', '所在部门及以下数据', '4', 'sys_data_scope', '数据范围', 40, '1', '2013-05-27 00:00:00', '1', '2013-05-27 00:00:00', '', '0'),
	('31', '所在部门数据', '5', 'sys_data_scope', '数据范围', 50, '1', '2013-05-27 00:00:00', '1', '2013-05-27 00:00:00', '', '0'),
	('32', '仅本人数据', '8', 'sys_data_scope', '数据范围', 90, '1', '2013-05-27 00:00:00', '1', '2013-05-27 00:00:00', '', '0'),
	('33', '按明细设置', '9', 'sys_data_scope', '数据范围', 100, '1', '2013-05-27 00:00:00', '1', '2013-05-27 00:00:00', '', '0'),
	('34', '系统管理', '1', 'sys_user_type', '用户类型', 15, '1', '2013-05-27 00:00:00', '1', '2013-05-27 00:00:00', '', '0'),
	('35', '部门经理', '2', 'sys_user_type', '用户类型', 10, '1', '2013-05-27 00:00:00', '1', '2013-05-27 00:00:00', '', '0'),
	('36', '普通用户', '3', 'sys_user_type', '用户类型', 5, '1', '2013-05-27 00:00:00', '1', '2013-05-27 00:00:00', '', '0'),
	('37', '外部用户', '1', 'sys_user_catagory', '用户类别', 10, '1', '2013-05-27 00:00:00', '1', '2013-05-27 00:00:00', '', '0'),
	('38', '内部用户', '2', 'sys_user_catagory', '用户类别', 20, '1', '2013-05-27 00:00:00', '1', '2013-05-27 00:00:00', '', '0'),
	('4', '隐藏', '0', 'show_hide', '显示/隐藏', 20, '1', '2013-05-27 00:00:00', '1', '2013-05-27 00:00:00', '', '0'),
	('45', '权限模块', '1', 'module', '模块类型', 20, '1', '2013-06-03 00:00:00', '1', '2013-05-27 00:00:00', '', '0'),
	('46', '订单模块', '2', 'module', '模块类型', 10, '1', '2013-06-03 00:00:00', '1', '2013-05-27 00:00:00', '', '0'),
	('5', '是', '1', 'yes_no', '是/否', 10, '1', '2013-05-27 00:00:00', '1', '2013-05-27 00:00:00', '', '0'),
	('53', '咨询', '1', 'cms_guestbook', '留言板分类', 10, '1', '2013-05-27 00:00:00', '1', '2013-05-27 00:00:00', '', '0'),
	('54', '建议', '2', 'cms_guestbook', '留言板分类', 20, '1', '2013-05-27 00:00:00', '1', '2013-05-27 00:00:00', '', '0'),
	('55', '投诉', '3', 'cms_guestbook', '留言板分类', 30, '1', '2013-05-27 00:00:00', '1', '2013-05-27 00:00:00', '', '0'),
	('56', '其它', '4', 'cms_guestbook', '留言板分类', 40, '1', '2013-05-27 00:00:00', '1', '2013-05-27 00:00:00', '', '0'),
	('6', '否', '0', 'yes_no', '是/否', 20, '1', '2013-05-27 00:00:00', '1', '2013-05-27 00:00:00', '', '0'),
	('62', '接入日志', '1', 'sys_log_type', '日志类型', 30, '1', '2013-06-03 00:00:00', '1', '2013-06-03 00:00:00', '', '0'),
	('63', '异常日志', '2', 'sys_log_type', '日志类型', 40, '1', '2013-06-03 00:00:00', '1', '2013-06-03 00:00:00', '', '0');

	
INSERT INTO `sys_menu` (`id`, `parent_id`, `parent_ids`, `module`, `name`, `href`, `target`, `icon`, `sort`, `is_show`, `permission`, `create_by`, `create_date`, `update_by`, `update_date`, `remarks`, `del_flag`)
VALUES
	('1', '0', '0,', '1', '顶级菜单', '', '', '', 0, '1', '', '1', '2013-05-27 00:00:00', '1', '2013-05-27 00:00:00', '', '0'),
	('10', '3', '0,1,2,3,', '1', '字典管理', '/sys/dict/', '', 'th-list', 60, '1', '', '1', '2013-05-27 00:00:00', '1', '2014-11-06 01:55:58', '', '0'),
	('11', '10', '0,1,2,3,10,', '1', '查看', '', '', '', 30, '0', 'sys:dict:view', '1', '2013-05-27 00:00:00', '1', '2014-11-06 01:55:58', '', '0'),
	('12', '10', '0,1,2,3,10,', '1', '修改', '', '', '', 30, '0', 'sys:dict:edit', '1', '2013-05-27 00:00:00', '1', '2014-11-06 01:55:58', '', '0'),
	('13', '2', '0,1,2,', '1', '机构用户', '', '', '', 970, '1', '', '1', '2013-05-27 00:00:00', '1', '2014-11-06 01:55:57', '', '0'),
	('14', '13', '0,1,2,13,', '1', '区域管理', '/sys/area/', '', 'th', 50, '1', '', '1', '2013-05-27 00:00:00', '1', '2014-11-06 01:55:57', '', '0'),
	('15', '14', '0,1,2,13,14,', '1', '查看', '', '', '', 30, '0', 'sys:area:view', '1', '2013-05-27 00:00:00', '1', '2014-11-06 01:55:57', '', '0'),
	('16', '14', '0,1,2,13,14,', '1', '修改', '', '', '', 30, '0', 'sys:area:edit', '1', '2013-05-27 00:00:00', '1', '2014-11-06 01:55:57', '', '0'),
	('17', '13', '0,1,2,13,', '1', '机构管理', '/sys/office/', '', 'th-large', 40, '1', '', '1', '2013-05-27 00:00:00', '1', '2014-11-06 01:55:57', '', '0'),
	('18', '17', '0,1,2,13,17,', '1', '查看', '', '', '', 30, '0', 'sys:office:view', '1', '2013-05-27 00:00:00', '1', '2014-11-06 01:55:57', '', '0'),
	('19', '17', '0,1,2,13,17,', '1', '修改', '', '', '', 30, '0', 'sys:office:edit', '1', '2013-05-27 00:00:00', '1', '2014-11-06 01:55:57', '', '0'),
	('2', '1', '0,1,', '1', '系统设置', '', '', '', 900, '1', '', '1', '2013-05-27 00:00:00', '1', '2014-11-06 01:55:57', '', '0'),
	('20', '13', '0,1,2,13,', '1', '用户管理', '/sys/user/', '', 'user', 30, '1', '', '1', '2013-05-27 00:00:00', '1', '2014-11-06 01:55:57', '', '0'),
	('21', '20', '0,1,2,13,20,', '1', '查看', '', '', '', 30, '0', 'sys:user:view', '1', '2013-05-27 00:00:00', '1', '2014-11-06 01:55:57', '', '0'),
	('22', '20', '0,1,2,13,20,', '1', '修改', '', '', '', 30, '0', 'sys:user:edit', '1', '2013-05-27 00:00:00', '1', '2014-11-06 01:55:57', '', '0'),
	('27', '1', '0,1,', '1', '我的面板', '', '', '', 100, '1', '', '1', '2013-05-27 00:00:00', '1', '2014-11-06 01:55:57', '', '0'),
	('28', '27', '0,1,27,', '1', '个人信息', '', '', '', 990, '1', '', '1', '2013-05-27 00:00:00', '1', '2014-11-06 01:55:57', '', '0'),
	('29', '28', '0,1,27,28,', '1', '个人信息', '/sys/user/info', '', 'user', 30, '1', '', '1', '2013-05-27 00:00:00', '1', '2014-11-06 01:55:57', '', '0'),
	('3', '2', '0,1,2,', '1', '系统设置', '', '', '', 980, '1', '', '1', '2013-05-27 00:00:00', '1', '2014-11-06 01:55:57', '', '0'),
	('30', '28', '0,1,27,28,', '1', '修改密码', '/sys/user/modifyPwd', '', 'lock', 40, '1', '', '1', '2013-05-27 00:00:00', '1', '2014-11-06 01:55:57', '', '0'),
	('4', '3', '0,1,2,3,', '1', '菜单管理', '/sys/menu/', '', 'list-alt', 30, '1', '', '1', '2013-05-27 00:00:00', '1', '2014-11-06 01:55:57', '', '0'),
	('5', '4', '0,1,2,3,4,', '1', '查看', '', '', '', 30, '0', 'sys:menu:view', '1', '2013-05-27 00:00:00', '1', '2014-11-06 01:55:57', '', '0'),
	('6', '4', '0,1,2,3,4,', '1', '修改', '', '', '', 30, '0', 'sys:menu:edit', '1', '2013-05-27 00:00:00', '1', '2014-11-06 01:55:57', '', '0'),
	('67', '2', '0,1,2,', '1', '日志查询', '', '', '', 985, '1', '', '1', '2013-06-03 00:00:00', '1', '2014-11-06 01:55:58', '', '0'),
	('68', '67', '0,1,2,67,', '1', '日志查询', '/sys/log', '', 'pencil', 30, '1', 'sys:log:view', '1', '2013-06-03 00:00:00', '1', '2014-11-06 01:55:58', '', '0'),
	('7', '3', '0,1,2,3,', '1', '角色管理', '/sys/role/', '', 'lock', 50, '1', '', '1', '2013-05-27 00:00:00', '1', '2014-11-06 01:55:57', '', '0'),
	('7f856aa488324ed9a7a146a6b10d8847', 'e374c25d0d704b49b62c0189e81083a0', '0,1,86cb3c878ba0429ab562e0caaafda85e,e374c25d0d704b49b62c0189e81083a0,', '2', '地址添加', '/order/address/add/**', '', '', 110, '1', 'perms[order:address:list],authc', '1', '2014-11-10 09:10:51', '1', '2014-11-10 09:10:51', NULL, '0'),
	('8', '7', '0,1,2,3,7,', '1', '查看', '', '', '', 30, '0', 'sys:role:view', '1', '2013-05-27 00:00:00', '1', '2014-11-06 01:55:57', '', '0'),
	('86cb3c878ba0429ab562e0caaafda85e', '1', '0,1,', '2', '订单系统', '/order/**', '', '', 1, '1', '', '1', '2014-11-10 09:10:11', '1', '2014-11-10 09:10:11', NULL, '0'),
	('9', '7', '0,1,2,3,7,', '1', '修改', '', '', '', 30, '0', 'sys:role:edit', '1', '2013-05-27 00:00:00', '1', '2014-11-06 01:55:58', '', '0'),
	('e374c25d0d704b49b62c0189e81083a0', '86cb3c878ba0429ab562e0caaafda85e', '0,1,86cb3c878ba0429ab562e0caaafda85e,', '2', '地址管理', '/order/address/manage/**', '', '', 10, '1', 'perms[address:list]', '1', '2014-11-10 09:10:25', '1', '2014-11-10 09:10:25', NULL, '0');

	
INSERT INTO `sys_office` (`id`, `parent_id`, `parent_ids`, `area_id`, `code`, `name`, `type`, `grade`, `address`, `zip_code`, `master`, `phone`, `fax`, `email`, `create_by`, `create_date`, `update_by`, `update_date`, `remarks`, `del_flag`)
VALUES
	('1', '0', '0,', '1', '100000', '塞托中国联盟总公司', '1', '1', '', '', '', '', '', '', '1', '2013-05-27 00:00:00', '1', '2013-05-27 00:00:00', '', '0'),
	('1b7d1aeea9cd4711851ec65199be2aa2', '1', '0,1,', '1', '320000001', '塞托长春分公司', '1', '1', '', '', '', '', '', '', '1', '2014-11-05 22:26:48', '1', '2014-11-05 22:26:48', '', '0'),
	('38405be8fea04945987bd14647f99da5', '1', '0,1,', '1', '38000001', '塞托黑龙江分公司', '1', '1', '', '', '', '', '', '', '1', '2014-11-05 22:25:37', '1', '2014-11-05 22:25:37', '', '0'),
	('4a8ec405cb8e4e5f81571b46cb7f534f', 'db8bf7e94ab1413899a7430f4c9fc859', '0,1,db8bf7e94ab1413899a7430f4c9fc859,', '3', '410000001', '采购部', '2', '2', '', '', '', '', '', '', '1', '2014-11-05 22:24:18', '1', '2014-11-05 22:24:18', '', '0'),
	('76292c5fb7674d1597d3665d46105e43', '38405be8fea04945987bd14647f99da5', '0,1,38405be8fea04945987bd14647f99da5,', '1', '380000002', '客服部', '2', '2', '', '', '', '', '', '', '1', '2014-11-05 22:26:25', '1', '2014-11-05 22:28:03', '', '0'),
	('96ad01f9140b47f6b5c5d638a3f4128b', '1b7d1aeea9cd4711851ec65199be2aa2', '0,1,1b7d1aeea9cd4711851ec65199be2aa2,', '1', '3200000001', '采购部', '2', '2', '', '', '', '', '', '', '1', '2014-11-05 22:27:18', '1', '2014-11-05 22:28:21', '', '0'),
	('d307c6d30e1a466ea75dc3f66160936e', 'db8bf7e94ab1413899a7430f4c9fc859', '0,1,db8bf7e94ab1413899a7430f4c9fc859,', '3', '410000002', '销售部', '2', '2', '', '', '', '', '', '', '1', '2014-11-05 22:24:41', '1', '2014-11-05 22:24:50', '', '0'),
	('d45717683fc7409ba28dcd6985746b87', '38405be8fea04945987bd14647f99da5', '0,1,38405be8fea04945987bd14647f99da5,', '1', '380000001', '采购部', '2', '2', '', '', '', '', '', '', '1', '2014-11-05 22:25:57', '1', '2014-11-05 22:27:58', '', '0'),
	('db8bf7e94ab1413899a7430f4c9fc859', '1', '0,1,', '3', '41000001', '塞托大连分公司', '1', '1', '', '', '', '', '', '', '1', '2014-11-05 22:23:16', '1', '2014-11-05 22:23:16', '', '0');

	
INSERT INTO `sys_role` (`id`, `office_id`, `name`, `data_scope`, `create_by`, `create_date`, `update_by`, `update_date`, `remarks`, `del_flag`)
VALUES
	('1', '1', '系统管理员', '1', '1', '2013-05-27 00:00:00', '1', '2013-05-27 00:00:00', '', '0'),
	('2', '1', '公司管理员', '2', '1', '2013-05-27 00:00:00', '1', '2013-05-27 00:00:00', '', '0'),
	('3', '1', '本公司管理员', '3', '1', '2013-05-27 00:00:00', '1', '2013-05-27 00:00:00', '', '0'),
	('4', '1', '部门管理员', '4', '1', '2013-05-27 00:00:00', '1', '2013-05-27 00:00:00', '', '0'),
	('5', '1', '本部门管理员', '5', '1', '2013-05-27 00:00:00', '1', '2013-05-27 00:00:00', '', '0'),
	('6', '1', '普通用户', '8', '1', '2013-05-27 00:00:00', '1', '2013-05-27 00:00:00', '', '0'),
	('7', '7', '山东省管理员', '9', '1', '2013-05-27 00:00:00', '1', '2013-05-27 00:00:00', '', '0');

	
INSERT INTO `sys_role_menu` (`role_id`, `menu_id`)
VALUES
	('1', '1'),
	('1', '10'),
	('1', '11'),
	('1', '12'),
	('1', '13'),
	('1', '14'),
	('1', '15'),
	('1', '16'),
	('1', '17'),
	('1', '18'),
	('1', '19'),
	('1', '2'),
	('1', '20'),
	('1', '21'),
	('1', '22'),
	('1', '27'),
	('1', '28'),
	('1', '29'),
	('1', '3'),
	('1', '30'),
	('1', '4'),
	('1', '5'),
	('1', '6'),
	('1', '67'),
	('1', '68'),
	('1', '7'),
	('1', '8'),
	('1', '9'),
	('2', '1'),
	('2', '10'),
	('2', '11'),
	('2', '12'),
	('2', '13'),
	('2', '14'),
	('2', '15'),
	('2', '16'),
	('2', '17'),
	('2', '18'),
	('2', '19'),
	('2', '2'),
	('2', '20'),
	('2', '21'),
	('2', '22'),
	('2', '27'),
	('2', '28'),
	('2', '29'),
	('2', '3'),
	('2', '30'),
	('2', '4'),
	('2', '5'),
	('2', '6'),
	('2', '67'),
	('2', '68'),
	('2', '7'),
	('2', '8'),
	('2', '9'),
	('3', '1'),
	('3', '10'),
	('3', '11'),
	('3', '12'),
	('3', '13'),
	('3', '14'),
	('3', '15'),
	('3', '16'),
	('3', '17'),
	('3', '18'),
	('3', '19'),
	('3', '2'),
	('3', '20'),
	('3', '21'),
	('3', '22'),
	('3', '27'),
	('3', '28'),
	('3', '29'),
	('3', '3'),
	('3', '30'),
	('3', '4'),
	('3', '5'),
	('3', '6'),
	('3', '67'),
	('3', '68'),
	('3', '7'),
	('3', '8'),
	('3', '9'),
	('4', '1'),
	('4', '10'),
	('4', '11'),
	('4', '12'),
	('4', '13'),
	('4', '14'),
	('4', '15'),
	('4', '16'),
	('4', '17'),
	('4', '18'),
	('4', '19'),
	('4', '2'),
	('4', '20'),
	('4', '21'),
	('4', '22'),
	('4', '27'),
	('4', '28'),
	('4', '29'),
	('4', '3'),
	('4', '30'),
	('4', '4'),
	('4', '5'),
	('4', '6'),
	('4', '67'),
	('4', '68'),
	('4', '7'),
	('4', '8'),
	('4', '9'),
	('5', '1'),
	('5', '10'),
	('5', '11'),
	('5', '12'),
	('5', '13'),
	('5', '14'),
	('5', '15'),
	('5', '16'),
	('5', '17'),
	('5', '18'),
	('5', '19'),
	('5', '2'),
	('5', '20'),
	('5', '21'),
	('5', '22'),
	('5', '27'),
	('5', '28'),
	('5', '29'),
	('5', '3'),
	('5', '30'),
	('5', '4'),
	('5', '5'),
	('5', '6'),
	('5', '67'),
	('5', '68'),
	('5', '7'),
	('5', '8'),
	('5', '9'),
	('6', '1'),
	('6', '10'),
	('6', '11'),
	('6', '12'),
	('6', '13'),
	('6', '14'),
	('6', '15'),
	('6', '16'),
	('6', '17'),
	('6', '18'),
	('6', '19'),
	('6', '2'),
	('6', '20'),
	('6', '21'),
	('6', '22'),
	('6', '27'),
	('6', '28'),
	('6', '29'),
	('6', '3'),
	('6', '30'),
	('6', '4'),
	('6', '5'),
	('6', '6'),
	('6', '67'),
	('6', '68'),
	('6', '7'),
	('6', '8'),
	('6', '9'),
	('7', '1'),
	('7', '10'),
	('7', '11'),
	('7', '12'),
	('7', '13'),
	('7', '14'),
	('7', '15'),
	('7', '16'),
	('7', '17'),
	('7', '18'),
	('7', '19'),
	('7', '2'),
	('7', '20'),
	('7', '21'),
	('7', '22'),
	('7', '27'),
	('7', '28'),
	('7', '29'),
	('7', '3'),
	('7', '30'),
	('7', '4'),
	('7', '5'),
	('7', '6'),
	('7', '67'),
	('7', '68'),
	('7', '7'),
	('7', '8'),
	('7', '9');

	
INSERT INTO `sys_user` (`id`, `company_id`, `office_id`, `login_name`, `password`, `no`, `name`, `email`, `phone`, `mobile`, `user_type`, `login_ip`, `login_date`, `create_by`, `create_date`, `update_by`, `update_date`, `remarks`, `del_flag`)
VALUES
	('1', '1', '1', 'admin', '833b800e8a55eb4d3f1748afeccbc6c1a8e49188154ee8a654746d8b', '00001', '管理员', 'thinkgem@163.com', '8675', '8675', '', '127.0.0.1', '2014-11-06 01:22:20', '1', '2013-05-27 00:00:00', '1', '2013-05-27 00:00:00', '管理员', '0'),
	('2e4f10ad67dd41ee9a507667cd789285', 'db8bf7e94ab1413899a7430f4c9fc859', 'db8bf7e94ab1413899a7430f4c9fc859', 'dl_admin', 'c8413744101fbde18553ccba3ce7062cf7eec00f4742f5388b64a90b', '000002', '大连塞托管理人', '', '', '', '2', '127.0.0.1', '2014-11-05 23:54:37', '1', '2014-11-05 23:51:26', '1', '2014-11-05 23:51:26', '', '0'),
	('c6a29d4b98544b2194e0dfdb1a44db06', '1b7d1aeea9cd4711851ec65199be2aa2', '96ad01f9140b47f6b5c5d638a3f4128b', 'cc_admin', '40c4b703df66cfb55f46e6e87f8556d24d695b979521ca036ec91407', '000002', '长春塞托管理人', '', '', '', '2', '127.0.0.1', '2014-11-05 23:57:33', '1', '2014-11-05 23:52:13', '1', '2014-11-05 23:52:26', '', '0'),
	('e9965c7982714e09a5febfd37ad0ad99', 'db8bf7e94ab1413899a7430f4c9fc859', '4a8ec405cb8e4e5f81571b46cb7f534f', 'dl_cg', 'aa678be59c9e68357a1b75362563b68375857a41f0b21fbacf5843ad', '000003', '大连采购组', '', '', '', '2', NULL, NULL, '1', '2014-11-05 23:54:27', '1', '2014-11-05 23:54:27', '', '0');

INSERT INTO `sys_user_role` (`user_id`, `role_id`)
VALUES
	('1', '1'),
	('10', '2'),
	('11', '3'),
	('12', '4'),
	('13', '5'),
	('14', '6'),
	('2', '1'),
	('2e4f10ad67dd41ee9a507667cd789285', '3'),
	('3', '2'),
	('4', '3'),
	('5', '4'),
	('6', '5'),
	('7', '2'),
	('7', '7'),
	('8', '2'),
	('9', '1'),
	('c5fbcace6007470e8f07551995aae248', '6'),
	('c6a29d4b98544b2194e0dfdb1a44db06', '2'),
	('e9965c7982714e09a5febfd37ad0ad99', '3');
